SamplNames;Helthpath.mean;CHFpath.mean;fold;pvalue;Processes;Metabolism;Path.KEGG.number;Path;PATH.ko.number;Gene.name;Enzyme.name;EC.number
K15869;4.03605008047977;3.01081053504484;-1.02523954543493;0.012739047382889;Metabolism;Lipid metabolism;121;Secondary bile acid biosynthesis;[PATH:ko00121];baiA; 3alpha-hydroxy bile acid-CoA-ester 3-dehydrogenase ;EC:1.1.1.395
K15871;4.28457239584169;3.26048713070442;-1.02408526513727;0.014029252192535;Metabolism;Lipid metabolism;121;Secondary bile acid biosynthesis;[PATH:ko00121];baiF; bile acid CoA-transferase ;EC:2.8.3.25
K15874;4.20506050843109;2.95662917823921;-1.24843133019188;0.00488198167788615;Metabolism;Lipid metabolism;121;Secondary bile acid biosynthesis;[PATH:ko00121];baiI; bile acid 7beta-dehydratase;
K01963;12.2113045628623;11.4571901787216;-0.754114384140669;0.000363376930964339;Metabolism;Overview;1212;Fatty acid metabolism;[PATH:ko01212];accD; acetyl-CoA carboxylase carboxyl transferase subunit beta ;EC:6.4.1.2
K01962;11.7965335277456;11.1242886983056;-0.672244829439974;0.000952033354998956;Metabolism;Overview;1212;Fatty acid metabolism;[PATH:ko01212];accA; acetyl-CoA carboxylase carboxyl transferase subunit alpha ;EC:6.4.1.2
K07508;-10.3853903410031;-6.9585456174947;3.42684472350839;0.00111002423861492;Metabolism;Overview;1212;Fatty acid metabolism;[PATH:ko01212];ACAA2; acetyl-CoA acyltransferase 2 ;EC:2.3.1.16
K02160;11.8198261371038;11.1881004526049;-0.631725684498935;0.00216888978804912;Metabolism;Overview;1212;Fatty acid metabolism;[PATH:ko01212];accB, bccP; acetyl-CoA carboxylase biotin carboxyl carrier protein;
K00059;14.3187515746563;13.9459567326274;-0.372794842028899;0.0130420434746006;Metabolism;Overview;1212;Fatty acid metabolism;[PATH:ko01212];fabG; 3-oxoacyl-;acyl-carrier protein reductase 
K02372;12.5228867350205;12.138094611505;-0.384792123515481;0.0138510796893424;Metabolism;Overview;1212;Fatty acid metabolism;[PATH:ko01212];fabZ; 3-hydroxyacyl-;acyl-carrier-protein dehydratase 
K16363;10.5406739885837;11.0275019818487;0.486827993264948;0.0167219277313362;Metabolism;Overview;1212;Fatty acid metabolism;[PATH:ko01212];lpxC-fabZ; UDP-3-O-;3-hydroxymyristoyl N-acetylglucosamine deacetylase / 3-hydroxyacyl-
K00690;10.8823365348735;9.70171971980574;-1.1806168150678;6.95161433636771e-05;Metabolism;Carbohydrate metabolism;500;Starch and sucrose metabolism;[PATH:ko00500];E2.4.1.7; sucrose phosphorylase ;EC:2.4.1.7
K02438;11.426489712609;10.402849461799;-1.02364025080999;0.000106304967421542;Metabolism;Carbohydrate metabolism;500;Starch and sucrose metabolism;[PATH:ko00500];glgX; glycogen debranching enzyme ;EC:3.2.1.196
