Taxa;Actinomyces;Leucobacter;Rothia;Propionibacterium;Actinomycetales_unclassified;Bifidobacterium;Scardovia;Adlercreutzia;Atopobium;Collinsella;Cryptobacterium;Eggerthella;Gordonibacter;Olsenella;Slackia;Coriobacteriaceae_unclassified_AVS1;Coriobacteriaceae_unclassified_AVS2;Senegalemassilia;Actinobacteria_unclassified;Bacteroides_AVS1;Barnesiella;Butyricimonas;Odoribacter;Parabacteroides;Porphyromonas;Porphyromonadaceae_unclassified_AVS1;Porphyromonadaceae_unclassified_AVS2;Paraprevotella;Prevotella;Prevotellaceae_unclassified_AVS1;Prevotellaceae_unclassified_AVS2;Alistipes;[Prevotella];Bacteroidales_unclassified_AVS1;Bacteroidales_unclassified_AVS2;Chryseobacterium;Bacteroidetes_unclassified;[Melainabacter];Methanobrevibacter;vadinCA11;Bacillus;Oceanobacillus;Staphylococcus;Gemella;Granulicatella;Enterococcus;Lactobacillus;Leuconostoc;Weissella;Lactococcus;Streptococcus;Lactobacillales_unclassified;Catabacter;Christensenella;Christensenellaceae_unclassified_AVS1;Christensenellaceae_unclassified_AVS2;Butyricicoccus;Clostridium_AVS1;Sarcina;Clostridiaceae_unclassified_AVS1;Clostridiaceae_unclassified_AVS2;Parvimonas;Mogibacterium;Dehalobacterium;Anaerofustis;Eubacterium;Eubacteriaceae_unclassified;Anaerostipes;Anoxystipes;Blautia;Butyrivibrio;Cellulosilyticum;Coprococcus;Dorea;Fusicatenibacter;Lachnoclostridium;Lachnospira;Oribacterium;Roseburia;Tyzzerella;[Ruminococcus];Lachnospiraceae_unclassified_AVS1;Lachnospiraceae_unclassified_AVS2;Oscillibacter;Peptococcus;Clostridium_AVS2;Intestinibacter;Terrisporobacter;Peptostreptococcaceae_unclassified_AVS1;Peptostreptococcaceae_unclassified_AVS2;Anaerofilum;Anaerotruncus;Candidatus Soleaferrea;Faecalibacterium;Gemmiger;Intestinimonas;Oscillospira;Papillibacter;Ruminococcus;Ruminococcaceae_unclassified_AVS1;Ruminococcaceae_unclassified_AVS2;Bacteroides_AVS2;Howardella;Mogibacteriaceae_unclassified;Clostridiales_unclassified_AVS1;Clostridiales_unclassified_AVS2;Bulleidia;Eubacterium_AVS1;RFN20;cc_115;p-75-a5;Candidatus Stoquefichus;Catenibacterium;Dielma;Erysipelatoclostridium;Eubacterium_AVS2;Holdemania;Solobacterium;Turicibacter;Erysipelotrichaceae_unclassified_ANS1;Erysipelotrichaceae_unclassified_AVS2;Acidaminococcus;Phascolarctobacterium;Allisonella;Dialister;Megamonas;Megasphaera;Mitsuokella;Veillonella;Veillonellaceae_unclassified;Firmicutes_unclassified_AVS1;Firmicutes_unclassified_AVS2;Fusobacterium;Fusobacteriaceae_unclassified;Sneathia;Victivallis;Brevundimonas;RF32_unclassified;Ochrobactrum;Phyllobacterium;Sphingomonadaceae_unclassified;Alphaproteobacteria_unclassified_AVS1;Alphaproteobacteria_unclassified_AVS2;Comamonas;Oxalobacter;Parasutterella;Sutterella;Sutterellaceae_unclassified_AVS1;Sutterellaceae_unclassified_AVS2;Burkholderiales_unclassified;Eikenella;Neisseria;Bilophila;Desulfovibrio;Desulfovibrionaceae_unclassified;Arcobacter;Campylobacter;Flexispira;Succinivibrio;Citrobacter;Erwinia;Morganella;Proteus;Providencia;Serratia;Yersinia;Enterobacteriaceae_unclassified_AVS1;Enterobacteriaceae_unclassified_AVS2;Aggregatibacter;Haemophilus;Pasteurellaceae_unclassified_AvS1;Pasteurellaceae_unclassified_AVS2;Pseudomonas;Gammaproteobacteria_unclassified;Treponema;Cloacibacillus;Pyramidobacter;[Saccharibacteria];Unassigned;Unclassified;Akkermansia
ho3384;0;0;23;0;0;8;0;0;0;0;0;0;0;0;0;0;0;4;0;292;0;0;0;4;0;0;0;3;613;0;0;23;0;107;0;0;0;0;0;0;0;0;0;0;0;0;5;0;0;0;144;0;0;0;0;0;0;292;0;0;170;0;0;0;0;377;0;0;0;42;0;0;63;53;0;81;0;0;159;0;0;65;95;117;0;20;0;0;0;0;0;0;0;4230;99;0;6;0;213;38;2750;0;3;0;11;54;0;0;0;0;0;0;0;0;0;14;0;0;0;0;0;0;77;0;0;0;0;0;0;0;350;0;0;0;0;0;0;0;0;0;0;0;0;0;0;0;0;0;0;0;0;0;0;0;0;0;0;0;0;0;0;0;0;0;0;0;0;14;0;0;0;0;0;0;0;0;0;0;0;0;0
nh2118;0;0;0;0;0;54;0;0;0;17;0;0;0;0;0;0;6;9;0;951;149;13;45;109;0;8;0;104;77;0;0;181;0;0;0;0;0;0;3;0;0;0;0;0;0;26;0;0;0;0;31;0;0;29;0;90;0;155;0;0;0;0;0;0;0;506;0;0;0;170;0;0;289;103;97;27;0;0;53;43;0;173;202;684;6;0;7;0;0;0;0;0;27;1473;56;0;0;18;412;173;696;0;8;9;424;488;0;0;0;0;0;0;0;0;0;0;0;0;0;0;32;0;272;0;155;0;0;0;6;0;282;23;0;0;0;23;0;3;0;0;0;0;0;0;5;4;28;0;27;0;0;0;0;71;9;0;0;0;0;0;0;0;0;0;0;0;0;1749;0;0;0;0;0;0;0;0;0;0;12;26;249
ni0665;0;0;0;0;0;0;0;0;0;0;0;0;0;0;0;0;0;0;0;2167;16;20;33;0;0;0;0;0;0;0;0;154;0;0;0;0;0;181;0;0;0;0;0;0;0;0;0;0;0;0;14;0;0;0;0;5;0;445;6;0;0;0;0;0;0;147;0;10;0;70;0;0;142;19;43;499;6;0;50;20;0;176;900;257;6;0;0;0;0;0;0;0;0;1217;119;0;30;6;167;75;372;0;0;7;51;52;0;0;0;0;0;0;0;0;0;0;3;0;0;0;11;0;0;0;5;0;0;0;0;0;0;8;0;0;0;0;0;0;0;0;0;0;0;0;0;0;0;0;0;0;0;0;13;0;0;0;0;0;0;0;0;0;0;0;0;0;79;411;0;17;0;0;0;0;0;0;0;0;0;0;0
ni8189;0;0;0;0;0;41;0;0;0;17;0;0;0;0;0;0;0;0;0;1251;0;11;9;104;0;92;0;0;14;0;0;1159;0;0;0;0;0;0;0;0;0;0;0;0;0;0;0;0;0;0;7;0;0;0;0;12;0;68;0;0;0;0;0;0;0;0;0;0;0;196;0;0;0;99;0;33;0;0;0;0;0;352;109;224;0;0;0;0;0;0;0;0;20;711;0;0;11;0;149;2;155;0;0;8;20;0;0;0;0;0;0;0;0;0;0;0;0;0;0;0;0;6;0;0;184;0;0;0;24;0;0;0;0;0;0;0;0;0;0;0;0;0;0;0;0;0;0;0;42;0;0;0;0;0;0;0;0;0;0;0;0;0;0;0;0;0;0;0;0;0;0;0;0;0;0;0;0;0;0;0;0
nl7187;0;0;0;0;0;9;0;0;0;25;0;0;0;0;7;0;29;0;0;1786;36;47;13;53;0;0;0;19;3649;0;0;278;0;0;0;0;9;68;5;0;0;0;0;0;0;0;200;0;0;0;34;0;67;22;0;202;0;35;0;0;12;0;0;0;0;2428;0;7;0;195;176;0;84;74;66;318;370;0;232;37;0;845;521;849;0;0;0;0;0;25;0;0;0;3039;48;0;50;0;276;124;1123;0;9;22;293;330;0;0;0;0;0;0;81;0;0;0;0;0;28;0;132;0;98;0;921;0;0;0;14;0;176;13;0;0;0;29;0;363;0;0;0;0;0;0;0;101;0;0;0;0;0;0;8;9;0;0;0;0;0;0;0;0;0;0;0;0;0;0;0;15;0;0;0;0;0;0;0;0;0;0;34
nn0966;0;0;14;0;0;74;0;0;0;9;0;0;0;0;0;0;3;0;0;857;10;0;31;19;0;0;0;9;0;0;0;162;0;0;0;0;0;0;3;0;0;0;0;0;0;0;216;0;0;0;5;0;5;4;0;20;0;333;0;0;0;0;0;0;0;527;0;0;0;73;0;0;234;17;48;141;42;0;360;6;0;247;164;648;4;0;7;0;0;20;0;0;0;2724;322;0;29;0;278;69;687;0;0;0;187;305;0;0;0;0;0;0;0;0;0;0;0;0;0;0;15;14;42;0;0;0;96;0;17;0;40;5;0;0;0;0;0;0;0;0;0;0;0;0;0;16;0;0;23;0;0;0;0;37;0;0;0;0;0;0;0;0;0;0;0;0;0;0;0;0;0;4;0;0;0;3;0;0;16;0;37
no1740;0;0;0;0;0;56;0;0;0;69;0;0;0;0;0;0;69;0;25;373;127;0;18;132;0;0;72;44;0;0;0;260;0;0;46;0;0;11;0;0;0;0;0;5;0;6;32;0;0;116;63;0;3;6;0;38;0;138;0;0;53;0;0;0;0;829;0;11;0;52;0;0;399;27;271;44;240;0;378;12;0;53;550;997;0;0;0;0;0;14;0;0;16;914;160;0;66;0;161;73;277;0;0;24;126;187;0;0;5;0;0;0;0;0;0;22;0;0;0;0;50;0;83;0;0;0;21;0;0;0;0;0;0;0;0;4;0;508;0;0;0;0;0;0;0;0;197;0;14;0;0;0;3;0;0;0;0;0;0;0;0;0;0;0;0;0;43;45;0;0;0;0;0;0;0;0;0;0;0;0;229
nq3967;0;0;0;0;0;13;0;0;0;0;0;0;0;0;0;0;0;5;0;493;617;15;0;90;0;121;0;715;0;0;0;303;0;0;0;0;0;805;0;0;0;0;0;0;0;0;96;0;0;0;0;0;10;0;0;13;0;347;0;0;0;0;0;0;0;137;0;11;0;43;338;0;195;24;0;50;77;0;498;6;0;190;808;487;3;0;0;0;0;0;0;0;0;751;0;0;17;0;463;27;1159;0;0;39;263;316;0;0;9;0;0;0;0;0;0;0;0;0;0;0;1582;0;43;0;0;0;0;0;5;0;0;222;0;0;0;14;0;1386;0;0;0;0;0;0;0;5;0;0;99;0;0;0;2;0;0;0;0;0;0;0;0;0;0;0;0;0;0;0;0;6;0;0;0;0;0;0;0;0;11;22;154
nq5400;0;0;0;0;0;3;0;0;0;4;0;0;0;0;0;0;0;0;0;1177;839;12;50;44;0;0;0;0;0;0;0;284;0;0;0;0;52;222;0;0;0;0;0;0;0;0;0;0;0;0;18;0;6;0;0;0;0;329;0;0;0;0;0;0;0;589;0;0;0;19;0;0;11;0;0;51;10;0;108;0;0;193;322;1247;2;0;0;0;0;20;0;0;0;1848;13;0;13;0;1115;125;1019;0;0;9;112;239;0;0;0;0;0;0;0;0;0;0;0;0;0;0;22;0;10;0;35;0;0;0;0;0;17;126;0;0;0;19;0;1383;0;0;0;0;0;0;0;0;45;0;129;0;0;0;0;0;0;0;0;0;0;0;0;0;0;0;0;0;0;0;0;0;0;0;0;0;0;0;0;0;14;1689;0
nr5193;0;0;0;0;0;0;0;0;0;0;0;0;0;0;0;0;0;0;0;900;306;9;6;33;0;0;0;0;0;0;0;1389;0;0;0;0;26;16;0;0;0;0;0;0;0;0;0;0;0;0;0;0;228;195;0;97;0;62;0;0;14;0;0;0;0;101;0;0;0;37;50;0;8;10;12;6;0;0;0;7;0;90;75;590;0;0;0;0;0;0;0;0;0;491;0;0;36;56;378;76;329;18;0;21;120;726;0;0;8;0;0;0;0;0;0;0;0;0;0;0;10;0;37;0;0;0;0;0;0;0;0;25;0;0;0;11;0;170;0;0;0;0;0;0;4;58;0;0;0;0;0;0;0;0;0;0;0;0;0;0;0;0;0;0;0;0;0;0;0;0;0;0;0;0;0;0;0;0;16;5;37
nt5910;0;0;0;0;0;0;0;0;0;12;0;0;0;0;0;0;0;0;0;12;0;16;0;0;0;0;26;0;1730;0;175;0;23;0;7;0;0;211;0;0;0;0;0;0;0;0;34;0;0;7;13;0;0;0;0;0;0;126;0;0;19;0;0;0;0;561;0;73;0;82;22;0;66;38;0;28;11;47;181;18;0;167;314;169;0;0;0;0;0;24;0;0;0;622;12;0;0;0;158;5;353;606;11;0;301;298;0;0;0;0;3;0;38;0;0;25;0;0;0;0;22;0;0;0;670;0;0;0;0;0;105;12;0;0;0;0;0;0;0;0;0;0;0;0;0;3;60;0;0;0;0;0;0;0;0;0;0;0;0;0;0;0;0;0;0;0;0;0;0;0;0;0;0;0;0;0;0;0;0;0;0
nu0687;0;0;0;0;0;11;0;0;0;21;0;0;0;0;5;0;10;15;33;2318;37;42;7;159;0;0;47;0;905;0;0;174;0;0;0;0;0;0;0;0;0;0;0;0;4;0;107;0;0;0;62;0;0;2;0;12;0;124;0;0;0;0;0;0;0;1061;0;36;0;117;0;0;1237;41;56;1258;90;0;158;117;0;679;860;4728;0;0;31;0;0;25;0;0;0;1487;14;50;174;0;545;649;623;0;29;0;557;152;0;0;0;0;0;0;349;0;8;57;7;0;22;0;8;0;66;0;0;0;103;13;0;0;196;0;9;0;13;0;0;0;0;0;0;0;0;0;0;9;37;0;0;0;0;0;44;250;35;0;0;0;0;0;0;0;0;0;0;0;0;67;0;0;0;0;0;0;0;0;0;6;0;2;1110
nu9969;0;0;0;0;0;0;0;0;0;0;0;0;0;0;0;0;0;0;0;7831;14;35;9;1044;0;0;291;44;342;0;0;895;0;8276;0;0;0;0;5;0;0;0;0;0;0;0;0;0;0;0;8;0;77;0;0;63;0;20;0;0;0;0;0;0;0;79;0;0;0;23;0;0;0;12;0;16;0;0;17;4;0;51;74;2147;0;0;0;0;0;0;0;0;0;254;0;0;0;5;76;5;620;0;0;23;40;80;0;0;0;0;0;0;0;0;0;0;0;0;0;0;0;0;0;0;52;0;0;0;14;0;0;0;0;0;0;2;0;0;0;0;0;0;0;0;0;0;0;0;0;0;0;0;0;0;0;0;0;0;0;0;0;0;0;0;0;0;0;0;0;5;0;0;0;0;0;0;4;0;0;0;12
nv7285;0;0;0;0;0;51;0;0;0;17;0;0;0;14;0;0;5;0;7;153;0;0;3;7;0;0;25;3;5616;0;768;11;0;6;53;0;0;0;0;0;0;0;0;0;0;0;201;0;0;0;43;0;0;0;2;8;0;171;0;0;0;0;0;2;0;707;0;8;0;50;0;0;55;54;22;66;0;0;209;8;0;47;240;362;0;0;0;0;0;18;0;0;43;868;0;0;15;0;438;78;201;0;13;0;1138;12;5;0;0;0;0;0;308;0;0;39;0;0;0;0;7;212;0;0;610;0;523;1656;0;0;908;0;0;0;0;0;0;0;0;0;0;0;0;0;0;0;24;0;110;0;0;0;0;15;0;0;0;0;0;0;0;0;0;0;0;0;19;0;0;0;0;0;0;0;0;0;0;0;0;0;0
nv8762;0;0;0;0;0;9;0;0;0;4;0;0;0;0;0;0;0;0;0;218;22;10;0;8;0;0;0;0;42;0;0;130;0;0;572;0;0;25;0;9;0;0;0;0;0;0;0;0;0;0;0;0;199;21;0;67;0;240;0;0;0;0;0;0;0;81;0;0;0;19;76;0;64;11;10;0;0;0;199;2;0;93;311;501;9;0;30;0;0;0;0;0;8;649;172;0;23;0;231;1258;1538;0;0;31;289;617;0;0;5;0;0;0;0;0;0;3;0;0;0;0;203;0;0;0;16;0;0;0;8;0;117;32;0;0;0;21;0;71;0;0;0;0;998;0;0;0;19;0;39;0;0;0;0;10;0;0;0;0;0;0;0;0;0;0;0;0;0;0;0;26;0;0;0;0;0;0;0;0;0;18;97
ob4811;0;0;0;0;0;0;0;0;0;0;0;0;0;0;0;0;0;0;0;580;0;7;0;10;0;7;214;73;2928;0;232;22;0;0;362;0;0;4;3;0;0;0;0;0;0;0;28;0;0;25;144;0;5;34;0;28;0;259;0;0;0;0;0;0;0;132;0;0;0;21;0;0;37;34;0;57;35;0;92;7;0;157;311;479;0;0;0;0;0;0;0;0;14;2154;65;0;8;0;59;77;1212;0;11;28;60;221;0;0;0;0;0;0;11;0;0;0;0;0;0;0;20;0;282;0;0;0;0;0;11;0;0;72;0;0;0;4;0;77;0;0;0;0;0;0;0;0;0;0;21;0;0;0;0;0;0;0;0;0;0;0;0;0;0;0;0;0;0;11;0;6;0;0;0;0;65;0;0;0;0;22;0
ob4860;0;0;0;0;0;0;0;0;0;0;0;0;0;0;0;0;0;0;0;950;235;27;9;23;0;20;0;0;26;0;0;916;0;0;0;0;5;0;0;0;0;0;0;0;0;0;0;0;0;0;0;0;10;10;0;9;0;11;0;0;0;0;0;0;0;17;0;0;0;23;0;0;0;0;0;0;0;0;0;0;0;0;0;1770;0;0;0;0;0;0;0;0;0;40;6;0;10;231;10;14;1314;0;0;0;4;2285;0;0;0;0;0;0;0;0;0;26;0;0;0;0;51;0;0;0;0;0;0;0;0;0;0;0;0;0;0;109;0;0;0;0;0;0;0;0;0;35;0;0;0;0;0;0;0;0;0;0;0;0;0;0;0;0;0;0;0;0;0;0;0;0;0;0;0;0;0;0;0;0;0;0;0
oc0909;0;0;0;0;0;0;0;0;0;0;0;0;0;0;0;0;0;0;0;2827;49;22;10;17;0;3;0;480;8;0;0;42;0;75;0;0;0;0;0;0;0;0;0;0;0;0;0;0;0;0;3;0;0;0;0;20;0;4;0;0;0;0;0;0;0;22;0;0;0;110;0;0;0;10;0;5;0;0;0;0;6;0;0;76;0;0;0;0;0;0;0;0;0;2440;46;3;8;0;108;15;111;0;0;0;52;31;0;0;0;0;0;0;0;0;0;0;0;0;0;0;0;0;56;0;0;0;0;0;0;0;0;0;0;0;0;0;0;0;0;0;0;0;0;0;0;45;0;0;0;0;0;0;0;0;0;0;0;0;0;0;0;0;0;0;0;3;0;0;0;0;0;0;0;0;0;0;0;0;0;0;19
oc9785;0;0;0;0;0;20;0;0;0;0;0;0;0;0;0;0;6;0;0;2658;37;0;7;31;0;7;0;0;0;0;0;112;0;0;0;0;0;230;0;0;0;0;0;0;0;0;35;0;0;0;37;0;0;0;0;0;0;148;0;0;0;0;0;0;0;639;0;0;0;0;0;0;378;0;0;557;0;0;792;17;0;70;1096;35;0;0;0;0;0;0;0;0;0;4805;362;0;11;0;107;592;381;0;0;0;286;631;0;0;0;0;0;0;0;0;0;0;0;0;4;0;6;0;173;0;0;0;0;0;6;0;16;0;0;0;0;0;0;20;0;0;0;0;0;0;0;0;77;0;0;0;0;0;0;0;0;0;0;0;0;0;0;0;0;0;0;0;0;9;0;55;0;0;4;0;0;0;0;0;0;0;101
od3399;0;0;0;0;0;7;0;0;0;0;0;0;0;0;0;0;0;0;0;28;0;7;4;4;0;0;95;10;948;0;198;5;0;0;351;0;0;0;0;0;0;0;0;0;0;0;0;0;0;0;5;0;0;0;0;0;0;122;0;0;0;0;0;0;0;125;0;3;0;5;0;0;11;24;0;0;0;0;115;7;0;35;71;3167;0;0;0;0;0;7;0;0;21;162;0;0;0;0;50;54;902;0;0;9;12;720;0;0;0;0;0;0;5;0;0;41;0;0;0;0;20;9;0;0;57;0;7;13;0;0;13;0;0;0;0;0;0;0;0;0;0;0;0;0;0;0;84;0;31;0;0;0;0;0;0;0;0;0;0;0;0;0;0;0;0;0;0;0;0;0;0;0;0;0;0;0;0;0;0;0;0
of7414;0;0;0;0;0;8;0;0;0;0;0;0;0;0;0;0;0;0;0;1509;67;13;12;0;0;0;0;0;3779;0;0;161;0;0;0;0;0;0;0;0;0;0;0;0;0;0;0;0;0;0;9;0;0;0;0;0;0;20;0;0;0;0;0;0;0;210;0;0;0;122;0;0;14;16;16;47;0;0;35;9;0;98;38;383;0;0;0;0;0;9;0;0;7;980;140;0;0;0;162;64;484;0;0;0;28;16;0;0;0;0;0;0;0;0;0;0;0;0;9;0;2;0;43;0;336;0;0;0;27;0;0;0;0;0;0;0;0;0;0;0;0;0;0;0;0;0;0;0;56;0;0;0;0;3;0;0;0;0;0;0;0;0;0;0;0;0;0;0;0;54;0;0;0;0;0;0;0;0;0;0;6
og2901;0;0;0;0;0;8;0;0;0;0;0;0;0;0;0;0;0;6;0;1209;6;0;42;0;0;0;0;0;0;0;0;895;0;0;0;0;0;23;0;0;0;0;0;0;0;0;53;0;0;26;0;0;0;0;0;13;0;84;0;0;0;0;0;0;0;278;0;0;0;28;0;0;66;64;0;69;0;0;251;31;0;63;241;1162;0;0;0;0;0;0;0;0;0;4200;1259;0;123;0;1312;114;2298;0;0;0;393;6;0;0;0;0;0;0;0;0;0;0;0;0;0;0;0;0;0;0;218;0;0;0;5;0;10;0;20;0;0;0;0;331;0;0;0;0;0;0;0;83;0;0;0;0;0;0;0;0;0;0;0;0;0;0;0;0;0;0;0;0;0;25;0;0;0;0;0;0;0;0;0;0;0;112;538
oh3122;0;0;0;0;0;271;0;0;0;0;0;0;0;0;0;0;4;0;0;152;0;0;0;0;0;0;33;19;140;0;0;11;0;0;0;0;0;108;0;0;0;0;0;0;0;0;0;0;0;0;46;0;0;0;0;3;0;443;0;0;0;0;0;0;0;1247;0;0;0;12;220;0;89;18;0;22;141;0;111;10;0;47;652;226;0;0;0;0;0;0;0;0;4;3885;318;0;10;45;278;296;2257;0;6;0;37;477;0;0;0;0;0;0;0;0;0;0;3;0;0;0;233;0;30;0;0;0;0;0;6;0;79;11;0;0;0;0;0;26;0;0;0;0;0;0;0;0;9;0;0;0;0;0;0;0;0;0;0;0;0;0;0;0;0;0;0;0;0;0;0;0;0;0;0;0;0;0;0;0;7;2;4
oh7156;0;0;0;0;0;0;0;0;0;0;0;0;0;0;0;0;0;0;0;1799;4;6;6;46;0;0;30;16;259;0;0;15;0;0;0;0;0;7;0;0;0;0;0;0;0;0;0;0;0;0;0;0;0;0;0;0;0;59;0;0;6;0;0;0;0;98;0;0;0;170;0;0;66;19;22;32;0;0;0;17;0;45;496;233;0;0;0;0;0;0;0;0;0;615;36;0;0;0;69;12;361;0;0;0;213;75;0;0;0;0;0;0;0;0;0;4;0;0;0;0;0;0;25;0;0;0;0;0;0;0;3;8;0;0;0;0;0;227;0;0;0;0;0;0;0;0;226;0;0;0;0;0;0;0;0;0;0;0;0;0;0;0;0;0;0;0;0;0;0;0;0;0;0;0;0;0;0;0;0;0;15
oj7527;0;0;0;0;0;19;0;0;0;2;0;0;0;0;0;0;0;0;0;296;24;20;5;25;0;0;0;0;4958;0;0;97;0;1121;52;0;7;0;0;0;0;0;0;0;0;25;0;0;0;0;0;0;0;0;0;19;0;42;0;0;0;0;0;4;0;76;0;0;0;10;0;0;59;26;0;9;0;0;37;0;0;21;73;726;9;0;0;0;0;0;0;0;25;315;61;0;11;0;28;57;509;0;0;11;164;54;0;0;0;0;0;0;0;0;0;68;0;0;0;0;0;7;26;0;7;0;0;0;0;0;0;6;0;0;0;2;0;0;0;0;0;0;0;0;0;0;13;0;86;0;0;0;0;0;0;0;0;0;0;0;0;0;0;0;0;0;0;48;0;6;0;0;0;0;0;0;0;0;7;0;0
ok1999;0;0;0;0;0;15;0;0;0;0;0;0;0;0;0;0;0;0;0;4180;24;0;0;0;0;0;0;0;0;0;0;2818;0;0;0;0;0;1255;0;0;0;0;0;0;0;0;51;0;0;0;12;0;6;12;0;38;0;573;0;0;0;0;0;0;0;723;0;863;0;286;0;0;170;106;21;227;238;0;66;18;0;595;1750;3005;12;0;18;0;0;31;0;0;0;5697;972;0;15;0;402;162;563;0;0;4;3956;536;0;0;0;0;0;0;0;0;0;0;6;0;3;0;20;3;0;0;107;0;0;0;12;0;0;10;0;0;0;12;0;557;0;0;0;0;0;0;0;213;0;0;0;0;0;0;9;0;0;0;0;0;0;0;0;0;0;0;0;0;40;71;0;23;0;0;0;0;0;0;0;0;0;0;87
ok6402;0;0;0;0;0;12;0;0;0;0;0;0;0;0;11;0;6;9;0;1580;23;32;42;83;0;0;440;462;2741;0;0;253;0;0;0;0;0;135;0;0;0;0;0;0;0;7;0;0;0;0;0;0;9;0;0;0;0;50;0;0;0;0;0;0;0;86;0;0;0;16;0;0;72;52;0;67;0;0;24;0;0;102;164;696;0;0;0;9;0;22;0;0;0;777;62;8;29;0;236;82;241;0;0;7;0;70;0;0;0;0;0;0;0;0;0;0;0;0;2;0;0;0;0;0;52;0;0;0;0;0;100;0;0;0;0;0;0;0;0;0;0;0;0;0;2;0;0;0;444;3;0;0;0;0;5;0;0;0;0;0;0;0;0;5;0;0;0;37;0;3;0;0;0;7;0;0;0;0;5;0;66
ol8811;0;0;0;0;0;3;0;0;0;8;0;0;0;0;5;0;18;7;13;373;38;25;6;46;0;0;0;4;884;0;122;58;0;0;0;0;15;119;0;0;0;0;0;0;0;0;0;0;0;0;0;0;105;8;0;51;0;82;0;0;13;0;0;0;0;369;0;0;0;150;270;0;170;124;18;68;19;0;36;14;0;271;297;1958;0;0;0;0;0;0;0;0;17;1325;32;0;16;250;765;181;1399;0;4;15;310;523;0;0;0;0;6;0;0;0;0;46;0;0;0;0;94;0;10;0;109;0;0;22;0;0;72;2;0;0;0;22;0;204;0;0;0;0;319;0;6;4;194;0;40;0;0;0;6;10;0;0;0;0;0;0;0;0;0;0;0;0;0;49;0;0;0;0;0;0;0;0;0;0;98;18;117
om2144;0;0;0;0;0;0;0;0;0;0;0;0;0;0;0;0;0;0;0;789;89;67;4;160;0;8;0;0;1762;0;0;241;0;0;0;0;0;220;0;0;0;0;0;0;0;0;0;0;0;0;0;0;9;0;0;16;0;80;0;0;0;0;0;0;0;174;0;8;0;18;0;0;166;27;0;69;0;0;0;4;0;156;120;277;0;0;0;0;0;0;0;0;0;1135;44;0;8;0;12;115;534;0;0;2;59;162;0;0;0;0;0;0;0;0;0;0;0;0;0;0;59;0;370;0;0;0;0;0;0;0;0;5;0;0;0;0;0;464;0;0;0;0;0;0;0;18;0;0;11;0;0;0;0;0;4;0;0;0;0;0;0;0;0;0;0;0;11;0;0;0;0;0;0;0;0;0;0;0;0;0;32
om2763;0;0;0;0;0;0;0;0;0;0;0;0;0;0;0;0;0;0;0;1482;685;64;156;60;0;0;0;0;320;0;0;1240;0;0;0;0;0;54;0;0;0;0;0;0;0;0;12;0;0;0;0;0;23;157;0;11;0;174;0;0;0;0;0;0;0;788;0;13;0;25;0;0;82;21;0;0;0;0;11;7;0;38;145;302;0;0;0;0;0;0;0;0;0;542;43;0;11;0;263;45;894;0;0;21;105;160;0;0;0;0;0;0;0;0;0;0;0;0;0;0;235;0;0;0;78;0;0;0;0;0;16;56;0;0;0;0;0;141;0;0;0;0;0;0;0;0;32;0;0;0;0;0;0;0;6;0;0;0;0;0;0;0;0;0;0;0;0;0;0;0;0;0;0;0;0;0;0;0;0;0;141
om3324;0;0;0;0;0;0;0;0;0;45;0;0;0;0;0;0;0;0;0;710;9;23;13;44;0;0;33;3;99;0;0;37;0;416;142;0;0;9;0;0;0;0;0;0;0;0;0;0;0;0;9;0;12;85;0;55;0;46;0;0;0;0;0;0;0;265;0;0;0;94;814;0;115;28;12;50;24;0;59;141;0;178;346;1185;0;0;0;0;0;0;0;0;0;1318;74;0;13;0;279;30;537;0;5;0;149;180;0;0;0;0;0;0;10;0;0;17;0;4;0;0;33;0;38;0;11;0;0;0;0;0;10;5;0;0;0;0;0;13;0;0;0;0;0;0;0;0;34;0;7;0;0;0;0;52;0;0;0;0;0;0;0;0;0;0;0;0;0;124;0;0;0;0;0;0;0;0;0;0;9;0;7
om9255;0;0;0;0;0;20;0;0;0;8;0;0;0;0;0;0;18;0;0;1088;900;80;342;721;0;7;0;54;0;0;0;4208;0;0;0;0;130;0;0;0;0;0;0;0;0;0;0;0;0;0;0;0;50;44;0;60;0;314;0;0;0;0;0;11;0;216;0;0;0;6;120;0;198;40;37;0;18;0;0;0;0;25;33;686;0;0;65;0;0;0;0;0;0;542;224;0;15;0;462;239;744;0;0;12;453;2030;0;0;0;0;0;0;0;0;0;0;0;0;0;3;121;0;0;0;65;0;0;0;0;0;16;8;0;0;0;40;0;134;0;0;0;0;0;0;0;0;0;0;23;0;0;0;0;22;0;0;0;0;0;0;0;0;0;0;0;0;0;27;0;0;0;0;0;0;0;5;0;0;0;0;1156
om9313;0;0;0;0;0;0;0;0;0;0;0;0;0;0;0;0;0;0;0;1254;38;0;26;190;0;0;79;37;166;0;0;227;0;0;1027;0;0;149;0;0;0;0;0;0;0;0;0;0;0;0;8;0;7;52;0;25;0;129;0;0;0;0;0;0;0;244;0;0;0;84;0;0;116;34;12;110;91;0;0;9;0;103;455;857;0;0;0;0;0;8;0;0;13;2527;174;0;20;98;53;72;690;0;5;0;0;318;0;0;0;0;0;0;0;0;0;0;0;0;0;0;27;0;0;0;31;0;0;0;0;0;78;7;0;0;0;9;0;0;0;0;0;0;0;0;6;28;0;0;0;0;0;0;2;6;0;0;0;0;0;0;0;0;0;0;0;0;0;0;0;0;0;0;0;0;0;0;0;0;4;0;0
on2945;0;0;0;0;0;0;0;0;0;0;0;0;0;0;0;0;0;0;0;2819;0;88;27;257;0;0;0;0;0;0;0;329;0;0;0;0;0;0;0;0;0;0;0;0;0;0;73;0;0;0;23;0;0;0;0;0;0;43;0;0;0;0;0;0;0;450;0;0;0;84;0;0;110;17;13;84;65;0;285;0;0;734;252;574;0;0;0;0;0;11;0;0;0;1972;296;9;38;0;381;93;1139;0;0;0;138;9;0;0;0;0;0;0;0;0;0;0;0;0;0;0;37;57;0;0;184;0;0;0;11;0;184;0;0;0;0;0;0;0;0;0;0;0;0;0;0;47;0;0;0;0;0;0;0;0;0;0;0;0;0;0;0;0;0;0;0;0;0;0;0;0;0;0;0;0;0;0;0;0;0;0;0
on9775;0;0;0;0;0;26;0;0;0;3;0;0;0;0;0;0;0;0;0;71;0;13;0;2;0;0;16;30;2946;0;150;8;0;175;3;0;0;0;0;0;0;0;0;0;0;0;0;0;0;4;0;0;48;7;0;25;0;461;0;0;0;0;0;0;0;274;0;0;0;17;9;0;709;28;14;7;0;0;162;18;0;21;242;549;0;0;4;0;0;0;0;0;60;700;15;0;19;9;111;0;357;0;0;10;157;352;0;0;0;0;0;0;4;0;0;44;0;0;0;0;12;0;128;0;74;0;0;4;4;0;55;0;0;0;0;8;0;0;0;0;0;0;0;0;0;0;244;0;197;0;0;0;0;5;0;0;0;0;10;0;0;0;0;0;0;0;10;0;0;0;0;0;0;0;0;0;0;0;0;0;0
oo5194;0;0;0;0;0;4;0;0;0;3;0;0;0;0;0;0;21;0;0;2509;352;17;66;141;0;0;0;368;0;0;0;417;0;0;0;0;6;57;0;0;0;0;0;0;0;0;0;0;0;0;4;0;11;16;0;123;0;118;0;0;0;0;0;0;0;131;0;0;0;125;50;0;59;19;0;248;20;0;106;5;0;160;310;1104;0;0;0;0;0;8;0;0;11;2035;119;0;10;0;226;27;542;0;0;14;156;1791;0;0;13;0;0;0;0;0;10;0;0;0;0;0;32;0;99;0;0;0;0;0;4;0;13;15;0;0;0;6;0;619;0;0;0;0;0;0;0;0;12;0;155;0;0;0;15;5;5;0;0;0;0;0;0;0;0;0;0;0;37;17;0;7;0;0;0;0;0;0;0;0;18;0;244
oo9790;0;0;0;0;0;112;0;0;5;8;0;0;0;0;0;0;0;0;0;3857;167;0;61;132;0;149;0;0;0;0;0;1279;0;0;0;0;0;164;0;0;0;0;0;0;0;0;0;0;0;0;52;0;0;0;0;17;0;1809;0;0;17;0;0;0;0;974;0;0;0;38;0;0;147;19;35;6;48;0;347;5;0;87;1698;1484;0;0;0;0;0;15;0;0;30;309;0;0;22;0;1287;8;387;0;95;0;363;59;0;0;49;0;0;0;0;0;0;0;0;0;157;0;16;0;0;0;167;0;0;0;31;0;30;78;0;0;0;0;0;1030;0;0;0;0;0;0;0;0;220;0;0;0;0;0;0;0;0;0;0;0;0;0;0;0;0;0;0;0;0;9;0;15;0;0;6;0;0;0;0;31;0;0;0
os0506;0;0;0;0;0;3;0;0;0;3;0;0;0;0;0;0;0;0;0;3648;240;9;35;292;0;0;0;27;0;0;18;1433;0;28;0;0;0;0;0;0;0;0;0;0;0;0;9;0;0;0;19;0;0;2;0;2;0;12;0;0;13;0;0;0;0;300;0;60;0;15;0;0;69;0;40;69;0;0;43;15;0;80;17;750;0;0;0;0;0;0;0;0;0;576;123;16;26;0;245;141;208;0;0;0;215;44;0;0;0;0;0;0;0;0;0;0;0;0;0;0;6;0;311;0;0;0;0;0;0;0;235;0;52;0;0;0;0;151;0;0;0;0;0;0;0;3;93;0;0;0;0;0;14;0;0;0;0;0;0;0;0;0;0;0;0;0;0;24;0;0;0;0;0;0;0;0;0;0;0;0;0
os8566;0;0;0;0;0;21;0;0;0;6;0;0;0;0;0;0;12;0;0;1295;72;66;29;132;0;0;138;0;391;0;0;53;0;503;1284;0;0;0;0;0;0;0;0;0;0;20;0;0;0;0;16;0;29;0;0;0;0;19;0;0;4;0;5;0;0;161;0;0;0;54;69;0;188;0;16;42;52;0;164;8;0;224;281;1152;0;0;0;0;0;0;0;0;106;425;49;0;0;0;48;195;753;32;0;17;162;83;0;0;0;0;2;0;13;0;0;23;0;0;6;0;0;0;36;0;0;0;23;2;12;0;93;5;0;0;0;7;0;12;0;0;0;0;0;0;0;3;65;0;53;0;0;0;3;0;0;0;0;0;0;0;0;0;0;0;0;0;0;42;0;0;0;0;0;0;0;0;0;0;0;0;4
ot4853;0;0;0;0;0;0;0;0;0;0;0;0;0;0;0;0;0;0;0;1029;395;560;101;100;0;380;0;0;275;0;0;1213;0;0;0;0;0;0;0;0;0;0;0;0;0;0;0;0;0;0;9;0;11;0;0;7;0;65;0;0;0;0;0;0;0;30;0;0;0;0;0;0;12;0;0;0;0;0;39;8;0;112;263;1339;0;0;0;0;0;0;0;0;0;110;0;0;6;23;28;0;558;0;0;21;47;196;0;0;0;0;0;0;0;0;0;0;8;0;0;0;12;0;202;0;0;0;0;0;171;0;0;0;0;0;0;0;0;22;0;0;0;0;0;0;0;0;0;0;61;0;0;0;0;0;0;0;6;0;0;0;0;0;0;0;0;0;0;60;0;33;0;0;0;0;0;0;0;0;3;0;385
ou2004;0;0;0;0;0;0;0;0;0;0;0;0;0;0;0;0;0;0;0;5747;1340;0;11;133;0;0;0;0;0;0;0;1632;0;0;0;0;0;0;0;0;0;0;0;0;0;0;0;0;0;0;10;0;0;21;0;0;0;293;0;0;0;0;0;0;0;126;0;0;0;22;0;0;0;0;7;0;0;0;11;0;0;20;306;444;0;0;23;0;0;0;0;0;102;274;92;0;4;0;248;0;22;0;0;12;56;129;0;0;0;0;0;0;0;0;0;0;0;0;66;0;0;0;0;0;136;0;0;0;0;0;0;0;0;0;0;8;0;0;0;0;0;0;0;0;2;0;0;0;4;0;0;0;0;0;0;0;0;0;0;0;0;0;0;0;0;0;0;10;0;0;0;0;0;0;0;0;0;0;0;0;0
ou9249;0;0;0;0;0;0;0;0;0;0;0;0;0;0;0;0;0;0;0;2091;215;11;8;245;0;0;0;0;238;0;0;359;0;0;0;0;22;13;0;0;0;0;0;0;0;0;0;0;0;0;0;0;410;9;0;41;0;139;0;0;0;0;0;0;0;3;0;0;0;0;0;0;0;0;0;0;0;0;17;0;0;12;0;484;0;0;0;0;0;0;0;0;0;138;0;0;0;226;240;0;748;0;0;0;114;90;0;0;2;0;0;0;0;0;0;0;0;0;0;0;262;0;0;0;5;0;0;0;0;0;3;44;0;0;0;0;0;10;0;0;0;0;0;0;0;0;0;0;10;0;0;0;0;0;0;0;0;0;3;0;0;0;0;0;0;0;0;0;0;9;0;0;0;0;0;0;0;0;6;43;13
ox1581;0;0;0;0;0;0;0;0;0;0;0;0;0;0;0;0;0;0;0;4076;666;0;68;0;0;0;0;0;0;0;0;2246;0;0;0;0;0;15;0;0;0;0;0;0;0;0;0;0;0;0;0;0;0;0;0;0;0;1209;0;0;0;0;0;0;0;71;0;0;0;12;0;0;31;0;0;0;0;0;11;6;0;0;21;531;0;0;0;0;0;0;0;0;0;91;0;0;17;0;485;2;204;0;0;0;10;9;0;0;0;0;0;0;0;0;0;0;0;0;0;0;4;0;0;0;71;0;0;0;0;0;0;0;0;0;0;0;0;37;0;0;0;0;0;0;0;5;0;0;0;0;0;0;0;0;0;0;0;0;0;0;0;0;0;0;0;0;0;5;0;0;0;0;0;0;0;0;0;0;0;0;0
ox6960;0;0;0;0;0;6;0;0;0;3;0;0;0;0;0;0;3;0;0;5011;1513;0;97;577;0;0;0;97;56;0;0;1342;0;0;0;0;0;50;0;0;0;0;0;0;0;0;11;0;0;0;12;0;0;0;0;2;0;0;0;42;0;0;0;4;0;100;0;0;0;0;0;0;18;5;0;7;0;0;9;9;0;0;41;170;0;0;3;0;0;0;0;0;0;1212;0;0;9;0;157;9;161;0;0;24;206;78;0;0;0;0;0;0;0;0;0;0;2;0;0;0;539;0;377;0;0;0;0;0;0;0;0;75;0;0;0;26;0;341;0;0;0;0;0;0;0;0;0;0;14;0;0;0;0;0;0;0;0;0;0;0;0;0;0;0;0;0;0;0;0;0;0;0;0;0;0;0;0;0;0;0;6
ox7729;4;0;0;0;0;39;0;0;0;8;0;0;0;5;0;0;12;0;17;899;21;14;9;95;0;0;160;23;424;0;0;201;0;0;0;0;0;0;5;0;0;0;0;0;0;4;44;0;0;0;8;0;4;64;0;47;0;66;0;0;29;0;2;13;0;443;0;10;0;83;0;0;197;61;0;25;0;0;251;11;0;135;371;2933;0;0;12;0;0;0;0;0;0;2299;74;0;6;6;170;548;1678;0;10;10;630;347;0;0;0;0;0;0;29;0;0;0;0;0;0;0;124;8;0;9;677;13;355;0;0;0;38;24;0;0;0;21;0;0;0;0;0;0;0;0;7;0;119;0;534;0;0;0;0;0;0;0;0;0;0;0;0;0;0;0;0;0;0;28;0;0;0;0;0;0;0;0;0;0;0;0;299
oy8593;0;0;0;0;0;495;0;0;0;0;0;0;0;0;0;0;0;0;0;406;342;32;761;0;0;0;0;0;0;0;0;1649;0;0;0;0;0;38;0;0;0;0;0;0;0;0;17;0;0;0;0;0;62;30;0;39;0;33;0;0;0;0;0;11;0;625;0;108;0;114;0;0;206;64;503;75;0;0;56;54;7;60;735;9489;0;0;0;0;0;0;0;5;24;1214;0;5;115;0;1720;101;1899;0;0;36;564;2134;0;0;132;3;0;2;0;0;4;0;0;0;0;0;262;0;105;0;0;0;0;0;40;0;208;0;0;0;0;35;0;0;0;0;0;11;0;0;0;39;0;0;0;0;0;0;11;0;0;0;0;0;0;0;0;0;0;0;0;0;0;79;0;0;0;0;0;0;0;0;0;0;40;0;148
oz3346;0;0;0;0;0;0;0;0;0;0;0;0;0;0;0;0;0;0;0;3732;0;73;7;13;0;0;0;242;7;0;0;3285;0;0;0;0;0;0;0;0;0;0;0;0;0;0;0;0;0;0;8;0;0;8;0;0;0;6;0;0;0;0;0;0;0;35;0;0;0;227;0;0;50;0;0;0;13;0;0;0;0;30;46;919;0;0;21;0;0;0;0;0;17;339;62;0;14;0;134;6;1269;0;0;4;79;34;0;0;0;0;0;0;0;0;15;0;0;0;0;0;0;0;0;0;22;0;0;0;0;0;0;65;0;0;0;0;0;0;0;0;0;0;0;0;0;0;43;0;0;0;0;0;0;0;0;0;0;0;0;0;0;0;0;0;0;0;0;8;0;0;0;0;0;0;0;0;0;0;0;0;5
oz6471;0;0;0;0;0;22;0;0;0;3;0;0;0;0;0;0;3;0;0;5716;25;74;52;49;0;0;21;0;32;0;0;501;0;0;0;0;0;67;0;0;0;0;0;0;0;0;0;0;0;0;42;0;0;12;0;2;0;48;0;0;0;0;0;0;0;390;0;11;0;167;0;0;42;5;10;527;7;0;65;78;0;142;182;1023;5;0;0;0;0;0;0;0;22;2913;109;0;134;0;628;171;575;0;0;0;81;208;0;0;0;0;0;0;8;0;0;41;0;0;0;0;21;0;138;0;80;0;24;0;0;0;0;0;0;0;0;0;0;0;0;0;0;0;0;0;0;295;13;0;45;0;0;0;3;0;0;0;0;0;0;0;0;0;0;0;0;0;0;3;0;0;0;0;2;0;0;0;0;0;0;0;29
pa4637;0;0;0;0;0;0;0;0;0;0;0;0;0;0;4;0;0;0;0;430;3;10;3;18;0;0;0;0;6250;0;0;29;0;542;0;0;0;0;0;0;0;0;0;0;0;0;0;0;0;0;0;0;0;0;0;15;0;25;0;0;0;0;0;0;0;119;0;0;0;314;0;0;34;0;0;38;12;0;174;4;0;178;132;305;4;0;0;0;0;21;0;0;0;767;51;0;5;0;65;34;251;6;0;0;39;32;0;0;0;0;0;0;0;0;0;0;0;0;36;0;5;5;0;0;46;0;0;0;0;0;64;0;0;0;0;0;0;0;0;0;0;0;0;0;0;0;44;0;9;0;0;0;0;13;0;0;0;0;0;0;0;0;0;0;0;0;60;107;0;8;0;0;0;0;0;0;0;0;0;0;0
pa6483;0;0;0;0;0;13;0;0;0;14;0;0;0;0;5;0;12;0;0;242;4;11;0;24;0;0;35;8;2003;0;0;43;0;1103;111;0;0;0;0;0;0;0;0;0;0;0;21;0;0;0;0;0;3;112;0;54;0;109;0;0;0;0;0;0;0;159;0;9;0;246;0;0;114;51;9;61;0;0;45;0;0;57;143;1450;0;0;0;0;0;0;0;0;0;1069;34;0;0;0;339;31;663;0;0;0;149;60;0;0;0;0;0;0;0;0;0;15;0;0;0;0;47;0;25;0;268;0;40;0;0;0;41;75;0;0;0;5;0;0;0;0;0;0;10;0;0;0;65;0;32;0;0;0;0;11;0;0;0;0;0;0;0;0;0;0;0;0;0;20;0;0;0;0;0;0;0;0;0;0;3;0;0
pb7910;0;0;0;0;0;19;0;0;6;4;0;0;0;0;0;0;41;0;0;5450;0;53;32;17;0;90;32;29;2691;0;348;1487;0;57;451;0;0;179;0;0;0;0;0;0;0;0;13;0;0;0;17;0;124;8;0;70;0;343;0;0;0;0;0;5;0;92;0;0;0;0;0;0;48;32;0;33;0;0;9;5;0;39;44;1951;0;0;0;0;0;14;0;0;0;543;0;0;13;0;524;35;861;0;7;58;335;840;4;0;60;0;6;0;28;0;0;6;0;0;5;0;227;0;38;0;17;0;0;0;0;0;31;570;0;0;0;23;0;27;0;0;0;0;0;0;0;5;19;0;362;0;0;0;0;0;0;0;0;0;0;0;0;0;0;0;0;0;0;0;0;0;0;0;0;0;18;0;0;0;25;63;55
pb9866;0;0;0;0;0;0;0;0;0;0;0;0;0;0;0;0;0;0;0;4788;34;6;84;301;0;69;0;0;0;0;0;764;0;0;0;0;0;0;0;0;0;0;0;0;0;0;0;0;0;0;0;0;16;0;0;23;0;0;0;0;0;0;0;0;0;20;0;0;0;16;0;0;23;0;0;20;0;0;0;0;0;0;0;72;0;0;0;0;0;0;0;0;99;72;11;0;0;0;77;7;141;0;0;0;13;173;0;0;0;0;0;0;0;0;0;0;0;0;0;0;26;0;0;0;0;0;0;0;0;0;0;30;0;0;0;0;0;0;0;0;0;0;0;0;0;2;0;0;0;0;0;0;0;0;0;0;0;0;0;0;0;0;0;0;0;0;0;0;0;0;0;0;0;0;0;0;0;0;0;0;304
pd7678;0;0;0;0;0;0;0;0;0;0;0;0;0;0;0;0;6;0;0;547;0;69;7;34;0;0;0;0;2442;0;0;410;0;7;0;0;0;0;0;0;0;0;0;0;0;0;0;0;0;0;0;0;261;0;0;0;0;17;0;0;0;0;0;0;0;0;0;0;0;0;22;0;20;0;0;0;0;0;0;0;0;27;35;422;0;0;0;0;0;0;0;0;0;438;0;0;0;216;155;87;428;0;4;8;48;748;0;0;0;0;0;0;15;0;0;5;0;0;0;0;11;0;127;0;403;0;0;0;9;0;35;135;0;0;0;0;0;0;0;0;0;0;0;0;0;0;0;0;52;0;0;0;0;0;0;0;0;0;0;0;0;0;0;0;0;0;0;0;0;11;0;0;0;0;0;0;0;0;0;0;9
ph1503;0;0;0;0;0;5;0;0;0;0;0;0;0;0;0;0;0;0;0;1567;319;166;11;25;0;26;533;17;33;0;0;558;0;176;2498;0;0;0;0;0;0;0;0;0;0;0;0;0;0;0;10;0;11;0;0;19;0;320;0;0;0;0;0;3;0;60;0;0;0;29;1109;43;437;17;25;0;13;0;27;0;0;116;259;668;0;0;0;0;0;64;0;0;0;340;134;0;0;0;269;21;2381;0;0;26;212;1082;0;0;0;0;0;0;0;0;0;0;0;0;22;0;63;0;9;0;124;0;0;0;0;0;0;3;0;0;0;48;0;702;0;0;0;0;0;0;0;0;162;0;0;0;0;0;0;8;0;0;0;0;0;0;0;0;0;0;0;0;0;0;0;0;0;0;0;0;0;0;0;0;5;183;12
ph8318;0;0;0;0;0;0;0;0;0;0;0;0;0;0;0;0;0;0;0;1565;809;24;15;45;0;17;0;0;706;0;0;308;0;0;0;0;4;17;0;0;0;0;0;0;0;0;0;0;0;0;0;0;205;35;0;78;0;194;0;0;0;0;0;0;0;29;0;0;0;0;12;0;12;10;0;0;0;0;0;0;0;0;22;1839;0;0;0;0;0;5;0;0;0;155;0;0;6;44;235;81;805;0;8;7;17;196;0;0;0;0;0;0;0;0;0;0;0;0;0;0;3;0;0;0;0;0;0;0;0;0;0;43;0;0;0;0;0;0;0;0;0;0;0;0;3;0;0;0;0;0;0;0;0;0;0;0;0;0;0;0;0;0;0;0;0;0;0;0;0;0;0;0;0;0;0;0;0;0;0;119;4
pk4172;0;0;0;0;0;0;0;0;0;20;0;0;0;0;0;0;15;0;5;1569;66;71;74;76;0;2;295;54;79;0;0;826;0;0;396;0;8;440;0;0;0;0;0;0;0;0;29;0;0;0;0;0;570;60;0;187;7;254;0;0;7;0;0;0;0;590;0;4;0;151;0;0;89;113;75;28;0;0;78;21;0;16;311;1179;0;0;0;0;0;0;0;0;36;990;95;0;32;14;161;175;1297;0;0;22;113;1628;0;0;14;0;0;0;26;0;0;34;0;0;4;0;140;0;6;0;132;0;0;0;0;0;30;8;0;0;0;67;0;263;0;0;0;0;0;0;0;14;0;0;590;0;0;0;12;8;20;0;0;0;0;0;0;0;0;0;0;0;27;149;0;0;0;0;2;0;0;4;0;0;57;0;36
pk6045;0;0;0;0;0;6;0;0;3;0;0;0;0;0;0;0;0;0;0;17814;304;33;10;383;0;0;0;638;693;0;0;589;0;0;0;0;15;0;0;0;0;0;0;0;0;0;0;0;0;0;6;0;0;0;0;12;0;8;0;0;0;0;0;0;0;53;0;0;0;58;0;0;0;11;0;0;12;0;0;0;0;0;0;99;0;0;0;0;0;21;0;0;9;90;0;0;17;0;66;6;59;0;0;5;26;2;0;0;0;0;0;0;0;0;0;390;0;2;0;0;0;9;10;0;33;0;0;0;0;0;0;0;19;0;0;0;0;0;0;0;0;0;0;0;0;0;292;29;0;0;0;0;0;0;0;0;0;0;0;0;0;0;0;0;0;0;0;9;0;0;0;0;4;0;0;0;0;0;0;0;0
pk7308;0;0;0;0;0;38;0;0;0;0;0;0;0;0;0;0;3;0;0;1165;0;0;443;0;0;0;0;0;0;0;0;4822;0;0;0;0;0;7;0;0;0;0;0;0;0;2;13;0;0;0;3;0;207;85;0;80;0;249;0;0;61;0;0;5;0;288;0;11;0;53;0;0;198;36;0;151;29;0;39;48;0;64;231;1387;0;0;40;0;0;0;0;0;37;346;84;0;14;0;1914;12;1991;0;0;0;726;170;0;0;0;0;0;3;0;0;18;0;0;0;0;0;1245;0;0;0;54;0;0;0;14;0;4;62;0;0;0;89;0;0;0;0;0;0;0;0;0;0;0;0;0;0;0;0;0;0;0;0;0;0;0;0;0;0;0;0;0;0;61;0;0;0;0;0;0;0;0;0;0;0;0;77;1168
wp3927;0;0;0;0;0;5;0;0;0;0;0;0;0;0;0;0;0;0;0;4121;297;35;40;36;0;0;0;0;465;0;0;1988;0;101;0;0;16;0;0;0;0;0;0;0;0;0;0;0;0;0;19;0;7;20;0;111;0;0;0;0;0;0;0;14;0;329;0;0;0;46;0;0;8;5;53;15;0;0;0;4;0;30;81;1633;0;0;32;0;0;0;0;0;0;340;66;0;22;0;764;35;3128;0;0;0;84;36;0;0;0;0;8;0;134;0;0;0;0;0;0;0;45;0;44;0;0;0;0;0;0;0;0;0;0;0;0;0;0;874;0;0;0;0;0;0;0;24;0;0;0;0;0;0;0;0;0;0;0;0;0;0;0;0;0;0;0;0;0;0;0;0;0;0;4;0;0;0;0;0;0;0;1251
wq5251;0;0;0;0;0;0;0;0;4;0;0;0;0;0;0;0;0;0;0;926;0;8;6;0;0;0;249;122;3462;0;252;42;0;622;138;0;0;0;0;0;0;0;0;0;0;0;0;0;0;0;0;0;0;0;0;0;0;4;0;0;0;0;0;0;0;12;0;0;0;0;11;0;9;9;0;0;0;0;0;0;0;27;35;1318;0;0;0;0;0;43;0;0;15;174;0;0;0;0;51;33;92;0;0;11;43;0;0;0;0;0;0;0;0;0;0;0;0;0;47;0;0;0;0;0;113;0;0;0;8;0;0;0;0;0;0;0;0;0;0;0;0;0;0;0;0;0;0;0;60;0;0;0;0;0;0;0;0;0;0;0;0;0;0;0;0;0;137;0;0;0;0;0;4;0;0;0;0;0;0;0;0
wr8031;0;0;0;0;0;0;0;0;0;11;0;0;0;0;0;0;14;0;0;3492;0;118;0;0;0;0;0;0;0;0;0;77;0;0;0;0;0;0;0;0;0;0;0;0;0;0;0;0;0;0;0;0;0;0;0;0;0;16;0;4;26;0;0;0;0;883;0;66;0;209;0;0;112;15;204;33;37;0;89;12;0;141;182;330;0;0;0;0;0;0;0;0;107;1230;62;0;0;0;537;79;581;0;0;3;348;20;0;0;0;0;0;0;0;0;0;0;0;0;0;0;42;0;105;0;0;0;0;0;4;0;216;0;0;0;0;0;0;0;0;0;0;0;0;0;0;0;0;0;0;0;0;0;0;0;0;0;0;0;0;0;0;0;0;0;0;0;0;0;0;0;0;0;0;0;0;0;0;0;0;0;23
wt7239;0;0;0;0;0;69;0;0;0;28;0;0;0;0;0;0;0;0;0;1257;0;15;27;103;0;0;0;7;844;0;0;672;0;0;0;0;10;41;5;0;0;0;0;0;0;0;0;0;0;0;0;0;16;60;0;0;0;58;0;0;0;0;0;0;0;274;0;23;18;112;0;0;114;106;11;34;4;0;0;0;0;170;199;994;0;0;37;0;0;0;0;0;149;257;29;0;18;19;83;407;695;0;0;0;41;2474;0;0;0;0;0;0;0;0;0;0;0;0;0;0;165;0;16;0;1663;0;28;0;0;0;0;196;0;0;0;0;0;0;0;0;0;0;0;0;0;0;0;0;35;0;0;0;9;0;0;0;0;0;0;0;0;0;0;0;0;0;0;0;0;0;0;0;0;0;0;0;0;0;0;0;564
wt9623;0;0;0;0;0;0;0;0;0;0;0;0;0;0;0;0;0;5;0;6843;392;15;0;0;0;0;0;82;300;0;0;22;0;0;56;0;0;118;0;0;0;0;0;0;0;0;0;0;0;0;8;3;12;6;0;0;0;490;0;0;0;0;0;0;0;162;0;0;0;57;0;0;101;16;36;33;0;0;59;0;0;146;313;474;0;0;13;0;0;0;0;0;6;720;13;0;15;4;524;12;372;13;0;16;93;117;0;0;0;0;0;0;0;0;0;17;0;0;0;0;41;0;0;0;0;0;0;0;7;0;0;15;0;0;0;0;0;117;0;0;0;0;28;0;0;0;9;0;10;0;0;0;0;0;0;0;0;0;952;0;0;0;0;0;0;0;25;66;0;5;0;0;0;0;0;0;0;0;9;6;0
wu1289;0;0;0;0;0;23;0;0;7;3;0;0;5;0;0;0;46;0;0;25;0;0;0;0;0;0;78;0;4361;0;555;0;0;104;775;0;0;0;0;0;0;0;0;0;0;3;0;0;0;0;21;0;252;18;0;94;0;465;0;0;0;0;0;6;0;62;0;6;0;0;0;0;63;52;8;0;0;0;0;9;0;33;34;2150;0;0;0;0;0;15;0;0;0;832;0;0;10;5;748;55;1115;0;0;80;49;986;7;0;94;0;11;0;42;0;0;8;0;0;7;0;9;0;36;0;0;0;0;0;11;0;86;798;0;0;0;29;0;0;0;0;0;0;0;0;0;0;0;0;620;0;0;0;0;0;0;0;0;0;0;0;0;0;0;0;0;0;0;0;0;0;0;0;0;0;22;0;0;11;0;96;4
wu1636;0;0;0;0;0;0;0;0;0;0;0;0;0;0;0;0;0;0;0;132;32;9;0;6;0;0;0;42;623;0;0;85;0;16;0;0;0;920;0;0;0;0;0;0;0;0;0;0;0;0;0;0;472;0;0;0;0;950;0;0;76;0;0;0;0;92;0;0;0;10;0;0;0;0;0;0;0;0;8;0;0;47;36;1521;0;0;0;0;0;0;0;0;0;272;0;0;0;85;171;60;862;0;0;15;165;663;0;0;20;0;0;0;21;0;0;0;0;0;6;0;161;0;0;0;3;0;0;0;0;0;18;284;0;0;0;0;0;0;0;0;0;0;0;0;0;0;11;0;0;0;0;0;0;0;0;0;0;0;0;0;0;0;0;0;0;0;0;9;0;0;0;0;3;0;0;0;0;0;68;27;0
wu6007;0;0;0;0;0;0;0;0;0;3;0;0;0;0;6;0;7;0;0;158;260;8;0;32;0;0;0;0;45;0;0;786;0;0;101;0;10;8;0;0;0;0;0;0;0;0;0;0;0;0;0;0;27;0;0;31;0;1053;8;0;982;0;0;0;0;139;0;0;0;8;0;0;156;0;0;0;52;0;35;0;0;21;219;2066;0;0;0;0;0;0;0;0;77;334;0;0;16;0;79;35;227;0;0;28;183;130;0;0;0;0;0;0;0;0;0;0;0;0;6;0;11;0;0;0;203;0;0;0;0;0;16;128;0;0;0;0;0;0;0;0;0;0;0;0;7;0;0;0;9;0;0;0;0;0;0;0;0;0;0;0;0;0;0;0;0;0;0;0;0;0;0;0;0;0;0;0;0;0;0;11;14
wv0777;0;0;0;0;0;0;0;0;0;0;0;0;0;0;0;0;0;0;0;1943;761;61;27;109;0;0;0;0;24;0;0;2148;0;0;0;0;0;7;0;0;0;0;0;0;0;0;0;0;0;0;8;3;12;9;0;137;0;50;0;0;0;0;0;0;0;76;0;0;0;0;0;0;0;6;0;0;0;0;0;0;0;0;61;1383;0;0;0;0;0;0;0;0;0;86;12;0;10;65;59;254;425;0;0;7;189;128;0;0;10;0;0;0;0;0;0;7;0;0;0;0;69;0;418;0;0;0;0;0;25;0;0;425;0;0;0;0;0;142;0;0;0;0;0;0;0;0;0;0;0;0;0;0;0;0;0;0;0;0;0;0;0;0;0;0;0;0;0;3;0;0;0;0;0;0;0;0;0;0;3;0;91
wv2773;4;0;0;0;0;15;0;0;0;12;0;0;0;0;0;0;0;0;0;408;0;0;4;14;0;0;0;0;54;0;0;7;0;0;0;0;0;23;0;0;0;0;0;0;4;0;0;0;0;3;17;0;25;0;0;6;0;2896;0;2;21;0;0;0;0;468;0;9;0;173;82;0;154;250;151;109;94;0;118;0;0;406;858;386;8;0;0;0;0;0;0;0;0;2618;7;0;5;6;168;123;697;0;0;0;402;1056;0;0;0;0;0;0;0;0;0;36;0;0;0;0;10;0;155;0;0;0;0;0;16;0;182;74;0;0;0;0;0;29;0;0;0;0;146;0;0;46;0;0;0;0;0;0;0;0;0;0;0;0;0;0;0;0;0;0;0;0;0;0;0;0;0;0;5;0;0;0;0;0;0;15;0
wv7822;0;0;0;0;0;33;0;0;0;0;0;0;0;0;0;0;0;0;0;4205;23;25;8;87;0;0;0;75;0;0;0;412;0;0;0;0;0;0;0;0;0;0;0;0;0;0;0;0;0;0;0;0;0;0;0;0;0;46;0;0;0;0;0;0;0;235;0;0;0;45;0;0;34;19;14;250;25;0;227;21;0;102;82;272;0;0;0;0;0;0;0;0;4;907;242;0;0;0;73;0;247;0;0;5;16;33;0;0;0;0;0;0;0;0;0;0;0;0;0;0;4;0;0;0;18;0;0;0;0;0;86;0;0;0;0;0;0;908;0;0;2;0;0;0;0;333;0;0;0;0;0;0;0;2;0;0;0;0;0;0;0;0;0;0;0;0;0;27;0;0;0;0;0;0;0;0;0;0;0;0;0
wx2334;0;0;0;0;0;12;0;0;4;8;0;0;0;0;0;0;0;0;0;986;808;8;13;21;0;0;0;0;82;0;0;1304;0;0;1209;0;0;0;0;0;0;0;0;0;0;0;0;0;0;0;11;0;0;55;0;37;0;162;0;0;254;0;0;0;0;60;0;0;0;77;0;0;16;0;19;0;0;0;0;11;0;0;27;702;0;0;0;0;0;0;0;4;70;524;9;0;27;9;114;22;591;0;0;0;26;13;0;0;0;2;0;0;8;0;0;0;0;0;0;0;0;0;98;0;0;0;0;0;0;0;0;242;0;0;0;0;0;42;0;0;0;0;0;0;0;12;0;0;0;0;0;0;0;0;0;0;0;0;0;0;0;0;0;0;0;0;0;0;0;0;0;0;3;0;0;0;0;5;0;0;5
wy2804;0;0;0;0;0;0;0;0;0;2;0;0;0;0;0;0;0;0;0;5219;414;311;3;16;0;0;0;0;757;0;0;12;0;0;0;0;0;0;0;0;0;0;0;0;0;0;0;0;0;0;0;0;0;6;0;0;0;5;0;0;0;0;0;0;0;49;0;0;0;7;0;0;0;0;0;0;0;0;0;0;0;16;0;302;0;0;0;0;0;4;0;0;0;239;0;0;0;0;26;0;16;0;0;0;0;0;0;0;0;0;0;0;0;0;0;0;0;0;5;0;0;0;0;0;18;0;0;0;0;0;8;10;0;0;0;0;0;0;0;0;0;0;0;0;0;0;0;0;9;0;0;0;0;0;0;0;0;0;0;0;0;0;0;0;0;0;0;0;0;0;0;0;0;0;0;0;0;0;0;0;107
wz0104;0;0;0;0;0;0;0;0;4;7;0;0;0;0;3;0;12;0;0;2717;0;0;54;41;0;0;839;122;4009;0;0;284;0;0;0;0;0;0;0;0;0;0;0;0;0;9;0;0;0;0;0;0;0;0;0;0;0;0;0;0;0;0;0;0;0;13;0;0;0;33;0;0;21;43;7;0;0;0;23;14;0;0;37;159;0;0;0;0;0;603;0;0;96;281;11;0;36;0;265;24;133;0;49;0;0;0;0;0;0;0;0;0;0;0;0;5;0;0;0;0;30;41;0;0;33;0;0;0;44;0;0;0;9;0;0;0;0;0;0;0;8;0;0;0;0;0;0;0;412;0;0;0;0;0;0;0;0;0;0;0;0;0;0;0;0;0;0;14;0;0;0;0;35;0;0;0;0;0;0;0;0
xa2543;0;0;0;0;0;7;0;0;0;3;0;0;0;0;0;0;0;0;0;1698;136;7;52;30;0;14;65;166;252;0;0;1516;0;0;0;0;11;92;0;0;0;0;0;0;0;0;0;0;0;0;0;0;60;21;0;26;0;365;0;8;38;0;0;0;0;86;0;0;0;0;57;0;70;0;13;0;0;0;0;5;0;6;57;594;0;0;0;0;0;0;0;0;0;191;34;0;0;5;88;200;1698;0;0;24;67;624;0;0;0;0;0;0;0;0;0;28;0;0;0;0;56;0;0;0;0;0;0;0;0;0;0;200;0;0;0;33;0;0;0;0;0;0;0;0;0;0;54;0;34;0;0;0;0;2;0;0;0;0;0;0;0;0;0;0;0;0;0;2;0;0;0;0;0;0;0;4;0;0;49;105;79
xa7120;0;0;0;0;0;0;0;0;0;0;0;0;0;0;0;0;0;0;0;1384;30;17;11;91;0;0;0;210;2857;0;0;195;0;0;0;0;0;0;0;0;0;0;0;0;0;0;0;0;0;0;0;0;0;10;0;0;0;23;0;0;0;0;0;0;0;22;0;0;0;23;0;0;24;10;0;20;0;0;0;0;0;5;56;543;0;0;0;0;0;0;0;0;0;769;6;0;0;16;144;8;238;0;0;0;53;1123;0;0;0;0;0;0;0;0;0;0;0;0;0;0;28;0;0;0;7;0;0;0;0;0;0;4;0;0;0;0;0;0;0;0;0;0;0;0;0;22;0;0;11;0;0;0;0;0;0;0;0;0;0;0;0;0;0;0;0;0;0;10;0;0;0;0;0;0;0;0;0;0;0;0;79
xb2260;0;0;0;0;0;2;0;0;0;0;0;0;0;0;0;0;0;0;0;1780;0;48;7;33;0;0;59;66;2180;0;0;58;0;0;28;0;0;0;0;0;0;0;0;0;0;0;0;0;0;0;13;0;0;0;0;0;0;67;0;0;0;0;0;0;0;31;0;0;0;114;0;31;14;140;0;45;0;0;120;165;0;49;106;906;0;0;0;0;0;0;0;0;0;1744;0;0;7;0;114;3;358;0;0;11;99;301;0;0;0;0;0;0;0;0;0;0;0;0;0;0;16;0;34;0;0;0;0;0;8;0;35;0;0;0;0;0;0;0;0;0;0;0;16;0;0;0;93;0;0;0;0;0;0;0;0;0;0;0;0;0;0;0;0;0;0;0;5;0;0;0;0;0;0;0;0;0;0;0;0;2;0
xb9489;0;0;0;0;0;35;0;0;0;0;0;0;0;0;0;0;0;0;0;4398;86;122;9;476;0;0;268;632;6418;0;457;55;0;0;0;0;0;0;0;0;0;0;0;0;0;0;0;0;0;0;0;0;0;0;0;0;0;4;0;0;0;0;0;0;0;228;0;0;0;121;0;0;61;61;9;259;0;0;17;5;0;10;41;119;0;0;0;0;0;0;0;0;0;323;0;0;63;0;119;0;75;0;0;0;0;0;0;0;0;0;0;0;0;0;6;0;0;0;0;0;15;0;318;0;0;0;0;0;0;0;0;0;0;0;0;0;0;610;0;0;0;0;0;0;0;2;199;0;0;0;0;0;2;0;0;0;0;0;0;0;0;0;0;0;0;0;0;0;0;0;0;0;0;0;0;0;0;0;0;0;0
xc8845;0;0;0;0;0;52;0;0;0;0;0;0;0;0;0;0;3;0;0;2694;8;0;40;7;0;36;0;0;0;0;0;1403;0;0;0;0;0;23;0;0;0;0;0;0;0;0;0;0;0;0;0;0;198;7;0;72;0;179;0;0;0;0;0;0;0;6;0;0;0;141;0;0;182;5;60;188;19;0;40;0;0;86;197;287;0;0;0;0;0;0;0;0;0;1844;142;0;0;0;931;28;583;0;0;12;459;1058;0;0;7;0;0;0;4;0;0;2;0;0;0;6;9;0;27;0;0;0;0;0;0;0;40;69;0;0;0;0;0;35;0;0;0;0;0;0;0;0;127;0;6;0;0;0;0;0;0;0;0;0;0;0;0;0;0;0;0;0;0;44;0;0;0;0;0;0;0;0;0;0;0;18;39
xg6068;0;0;24;0;0;246;0;0;0;13;0;0;0;0;0;0;7;33;0;1243;26;0;11;35;0;0;0;122;15;0;0;125;0;288;0;0;0;0;0;0;0;0;0;0;4;0;58;0;0;0;312;0;30;7;0;7;0;2306;0;0;218;0;0;0;0;1810;0;27;0;530;0;0;1307;155;77;467;234;0;632;69;0;74;2913;925;0;0;0;0;0;17;0;0;0;2612;42;8;21;37;342;0;3534;0;0;8;2452;2219;0;0;0;0;0;0;306;0;13;103;17;0;0;0;148;0;84;0;0;44;0;0;13;0;2156;0;0;0;0;7;0;217;0;0;0;0;0;0;0;3;69;0;66;0;0;0;0;15;0;0;0;0;0;0;0;0;0;0;0;0;0;11;0;0;0;0;0;0;0;0;0;0;0;53;6
xk0827;0;0;0;0;0;0;0;0;0;0;0;0;0;0;0;0;0;0;0;7186;58;87;39;327;0;0;490;477;0;0;0;685;0;0;0;0;0;6;0;0;0;0;0;0;0;0;0;0;0;0;0;0;0;0;0;6;0;33;0;0;0;0;0;0;0;223;0;8;0;26;0;0;42;53;0;338;0;0;179;0;0;73;28;529;0;0;12;0;0;0;0;0;0;393;0;0;51;0;187;0;691;0;0;9;0;0;0;0;0;0;0;0;31;0;0;0;0;0;4;0;0;15;154;3;0;0;15;0;0;0;139;0;0;0;0;0;0;0;0;0;0;0;0;0;6;248;0;0;12;0;0;0;37;0;4;0;0;0;0;0;0;0;0;0;0;0;0;18;0;0;0;0;0;0;0;0;0;0;0;0;0
xk4530;0;0;0;0;0;14;0;0;0;3;0;0;0;0;0;0;0;0;4;531;23;48;36;69;0;0;197;7;1192;0;0;160;0;156;0;0;0;0;0;0;0;0;0;0;0;0;2;0;0;0;9;0;15;3;0;28;0;251;0;0;0;0;0;0;0;1326;0;0;0;180;0;0;84;60;0;423;0;0;159;51;0;86;325;2207;0;0;0;0;0;14;0;0;7;3312;222;0;24;10;61;164;510;0;17;17;866;134;0;0;0;0;0;0;0;0;0;5;0;0;0;0;0;0;279;0;0;0;0;0;0;0;1919;0;0;0;0;3;0;0;0;0;0;0;0;0;0;0;99;0;0;0;0;0;0;39;0;0;0;0;0;0;0;0;0;0;0;0;0;0;0;0;0;0;0;0;0;0;0;2;0;0;67
xk7699;0;0;0;0;0;19;0;0;0;0;0;0;0;0;0;0;0;0;0;3714;103;0;11;275;0;0;0;157;0;0;0;472;0;0;0;0;0;0;0;0;0;0;0;0;0;0;0;0;0;0;48;0;0;0;0;0;0;23;0;0;0;0;0;0;0;22;0;0;0;72;0;0;8;0;12;19;0;0;203;70;0;0;0;120;0;0;0;0;0;3;0;0;0;469;31;21;189;0;146;10;44;0;0;0;0;0;0;0;0;0;0;0;0;0;0;0;0;0;5;0;0;0;31;0;0;0;0;0;20;0;15;0;0;0;0;0;0;0;0;0;0;0;0;0;0;397;0;0;0;0;0;0;0;0;0;0;0;0;0;0;0;0;0;0;0;0;0;28;0;6;0;0;0;0;0;0;0;0;0;0;659
xl4463;0;0;0;0;0;22;0;0;0;10;0;0;0;0;0;0;0;0;0;5215;0;105;0;0;0;0;0;0;0;0;0;228;0;0;0;0;0;0;0;0;0;0;0;0;0;0;0;0;0;0;5;0;0;4;0;0;0;34;0;0;0;0;0;0;0;64;0;0;0;96;0;0;0;0;7;7;0;0;8;7;0;225;6;222;0;0;14;0;0;0;0;0;39;533;0;0;428;0;614;0;166;0;0;0;64;0;0;0;0;0;0;0;0;0;0;0;0;0;0;5;0;0;0;0;39;0;20;0;0;0;62;0;0;0;0;0;0;0;0;0;0;0;0;0;0;0;0;0;169;0;0;0;0;0;0;0;0;0;0;0;0;0;0;0;0;0;0;7;0;0;0;0;0;0;0;0;0;0;0;0;83
xl5106;0;0;0;0;0;0;0;0;0;0;0;0;0;0;0;0;0;5;0;1897;54;14;22;146;0;0;0;95;4412;0;200;46;0;0;0;0;0;97;0;0;0;0;0;0;0;0;0;0;0;0;0;0;0;0;0;26;0;109;0;0;0;0;0;0;0;228;0;11;0;929;0;0;47;38;0;78;26;0;159;26;0;125;368;698;0;0;0;0;0;15;0;0;0;2218;113;0;9;0;1173;50;423;0;0;33;661;312;0;0;0;0;0;0;0;0;0;5;0;0;0;0;7;0;7;0;148;0;0;0;0;0;29;3;0;0;0;0;0;0;0;0;0;0;0;0;0;0;357;0;0;0;0;0;0;0;2;0;0;0;0;0;0;0;0;0;0;0;0;0;0;0;0;0;0;0;0;0;0;2;2;0;0
xl7086;0;0;0;0;0;16;0;0;0;9;0;0;0;0;0;0;0;0;0;2634;72;64;30;93;0;0;0;0;0;0;0;276;0;0;0;0;0;0;0;0;0;0;0;0;0;0;0;0;0;0;0;0;0;0;0;4;0;15;0;0;0;0;0;0;0;334;0;0;0;19;0;0;15;10;0;45;0;0;0;0;0;0;5;406;0;0;0;0;0;0;0;8;2;1907;189;0;23;0;599;337;41;0;0;0;25;1101;0;0;0;0;0;0;0;0;0;0;0;0;0;0;6;10;31;0;78;0;11;0;0;0;0;0;0;0;0;0;0;0;0;0;0;0;0;0;3;0;20;0;13;0;0;0;0;0;0;0;0;0;0;0;0;0;0;0;0;0;0;55;0;0;0;0;0;0;0;0;0;0;0;0;0
xm9487;0;0;0;0;0;10;0;0;0;0;0;0;0;0;0;0;0;0;0;1132;363;60;6;34;0;0;0;75;222;0;0;4;0;0;0;0;0;205;0;0;0;0;0;0;0;0;0;0;0;0;0;0;0;0;0;6;0;314;0;0;0;0;0;0;0;351;0;0;0;62;0;0;117;55;0;192;11;0;16;9;0;13;335;385;3;0;0;0;0;7;0;0;17;714;54;0;0;0;45;198;1039;0;0;0;48;283;0;0;0;0;0;0;0;0;0;6;0;0;0;0;210;0;65;0;0;0;0;0;0;0;34;216;0;0;0;0;0;160;0;0;0;0;0;0;0;0;476;0;184;0;0;0;0;58;0;0;0;0;2137;0;0;0;0;0;0;0;0;0;0;0;0;0;0;0;0;0;0;0;12;0;10
xn1582;0;0;0;0;0;18;0;0;0;7;0;0;0;0;0;0;0;0;0;1522;5;8;6;388;0;0;136;0;3702;0;0;0;0;0;0;0;0;0;0;0;0;0;0;0;0;0;18;0;0;0;4;0;0;0;0;0;0;4;0;0;0;0;0;0;0;45;0;0;0;0;0;0;95;0;0;33;0;0;14;0;0;0;45;84;0;0;0;0;0;0;0;0;0;1102;0;0;10;0;45;53;33;0;0;0;0;0;0;0;0;0;0;0;0;0;0;0;0;0;0;0;0;0;37;0;0;0;17;0;0;0;0;0;0;0;0;0;0;0;0;0;0;0;0;0;0;121;0;0;57;0;0;0;0;0;0;0;0;0;0;0;0;0;0;0;0;0;0;7;0;3;0;0;0;0;0;0;0;0;0;0;0
xo3595;0;0;0;0;0;0;0;0;0;0;0;0;0;0;0;0;0;0;0;61;0;8;0;29;0;0;0;0;2665;0;198;31;0;0;98;0;0;0;0;0;0;0;0;0;0;0;0;0;0;0;0;0;0;2;0;4;0;36;0;0;0;0;0;0;0;68;0;0;0;10;0;0;213;53;0;200;0;0;20;6;0;7;151;794;0;0;0;0;0;0;0;0;0;1338;0;0;18;0;33;56;951;0;0;22;67;78;0;0;0;0;0;0;0;0;0;0;0;0;0;0;3;0;286;0;0;0;0;0;0;0;14;0;0;0;0;0;0;0;0;0;0;0;0;0;0;0;68;0;0;0;0;0;0;0;0;0;0;0;0;0;0;0;0;0;0;0;0;0;0;0;0;0;0;0;0;0;0;0;0;0;0
xo3728;0;0;0;0;0;0;0;0;0;0;0;0;0;0;7;0;0;0;0;1577;0;12;0;23;0;0;745;0;322;0;75;189;0;20;0;0;0;0;0;0;0;0;0;0;0;0;0;0;0;0;0;0;0;3;0;25;0;10;0;0;0;0;0;0;0;72;0;0;0;96;0;0;24;53;0;0;0;0;0;0;0;0;120;1034;0;0;0;0;0;0;0;0;0;128;16;0;8;0;3366;203;754;0;0;16;249;39;33;0;0;0;0;0;0;0;0;0;0;0;0;0;19;0;88;0;23;0;0;0;0;0;0;0;0;0;0;0;0;0;0;0;0;0;0;0;0;0;0;0;0;0;0;0;2;12;0;0;0;0;123;0;0;0;0;0;0;0;0;45;0;0;0;0;0;0;0;0;0;0;0;0;0
xo4734;0;0;0;0;0;0;0;0;0;7;0;0;8;0;0;0;0;0;0;1319;265;78;11;222;0;0;0;0;5209;0;0;410;0;0;0;0;5;3;0;0;0;0;0;0;0;0;17;0;0;0;38;0;0;0;0;0;0;212;0;0;0;0;0;0;0;124;0;29;0;178;0;0;121;63;0;53;0;0;0;32;0;163;172;523;0;0;0;0;0;14;0;0;0;1186;0;0;19;0;25;378;312;0;0;3;68;165;0;0;0;0;0;0;0;0;0;0;0;0;0;0;0;0;14;0;309;0;9;0;0;0;0;0;0;0;0;4;0;0;0;0;0;0;0;0;0;14;0;0;0;0;0;0;22;0;0;0;0;0;0;0;0;0;0;0;0;0;0;22;0;0;0;0;0;0;0;0;0;0;0;0;0
ye6753;0;0;0;0;0;59;0;0;0;0;0;0;0;0;0;0;0;0;0;1606;1084;15;6;4;0;0;0;0;4;0;0;392;0;0;0;0;0;5;0;0;0;0;0;0;0;0;0;0;0;0;0;0;0;16;0;14;0;15;0;0;0;0;0;0;0;2;0;0;0;0;0;0;30;0;0;0;0;0;0;0;14;0;47;111;0;0;0;0;0;0;0;0;0;99;0;23;81;0;212;7;98;0;0;27;12;37;0;0;0;0;0;0;0;0;87;0;0;0;0;0;0;0;0;0;4;0;0;0;0;0;3;0;0;0;0;15;0;0;0;0;0;0;0;0;0;5;0;0;0;0;0;0;0;0;0;0;0;0;0;0;0;0;0;0;0;0;0;0;0;0;0;0;0;0;0;0;0;0;4;0;0
